date,event,dominant_topic,month,topic_label,tweet_match
2016-07-19,accept presidential nomination republican party republican national convention cleveland ohio,4,2016-07,Election Campaigns and Federal House Proceedings,Yes
2016-11-08,election day defeat hillary clinton 46 2 popular vote 57 2 electoral vote win democratic vote lose popular vote 2 8 million vote,4,2016-11,Election Campaigns and Federal House Proceedings,Yes
2017-01-20,inaugural address promise american carnage stop right stop right,5,2017-01,2020 Election and Biden's Presidential Campaign,Yes
2017-01-21,woman march million gather globe protest presidency click related tweet 01 22 2017,9,2017-01,Border and Immigration Policy Statements,No
2017-01-21,unscripted remark cia headquarters memorial wall honor cia agent kill action primarily focus cia director designate mike pompeo complain media coverage size crowd inauguration note cover time 14 15 time trust like smart person assure attend start win lead charge,8,2017-01,Supreme Court Orders and Presidential Bans,No
2017-01-23,issue memorandum reinstate mexico city policy refer critic global gag rule block u federal funding non governmental organization ngo provide abortion counseling referral advocate decriminalize abortion expand abortion service,7,2017-01,Presidential Debates and Attorney General Discussions,No
2017-01-23,issue memorandum direct withdrawal united states trans pacific partnership tpp negotiation agreement note intention deal directly individual country bilateral basis negotiate future trade deal click information ttp u withdrawal,1,2017-01,COVID-19 Response and Health Agreements,No
2017-01-23,lawsuit accuse violation emolument clause constitution download pdf complaint case allege unfairly compete local business case involve group 200 congressional democrat file 06 14 2017 government maryland dc survive case dismiss moot supreme court 01 24 2021 leave office conclusion leave unresolved controversy ultimate legal meaning emolument clause,8,2017-01,Supreme Court Orders and Presidential Bans,No
2017-01-24,memorandum invite resubmission application keystone xl pipeline direct secretary state secretary army expedite approval,5,2017-01,2020 Election and Biden's Presidential Campaign,Yes
2017-01-25,executive order 13767 direct secretary homeland security undertake plan designing construct physical wall southern border,5,2017-01,2020 Election and Biden's Presidential Campaign,Yes
2017-01-25,executive order 13768 direct secretary homeland security hire 10 000 additional immigration officer identify deport illegal alien accuse crime attorney general step deny federal fund sanctuary jurisdiction,5,2017-01,2020 Election and Biden's Presidential Campaign,Yes
2017-01-27,issue executive order 13769 establish travel ban allege muslim ban suspend refugee admission policy 120 day prohibit people iran iraq libya somalia sudan syria yemen enter united states united states ensure admit country bear hostile attitude found principle order immediately challenge federal court object widespread protest 02 09 2017 9th circuit court appeal decline block prior court injunction prohibit implementation order link pdf 9th circuit order,7,2017-01,Presidential Debates and Attorney General Discussions,Yes
2017-01-28,multiple protest airport response travel ban,7,2017-01,Presidential Debates and Attorney General Discussions,No
2017-01-29,issue statement clear muslim ban religion terror country safe,7,2017-01,Presidential Debates and Attorney General Discussions,Yes
2017-01-30,executive order 13771 direct limit issue new regulation direct executive department agency identify exist regulation repeal new regulation issue,5,2017-01,2020 Election and Biden's Presidential Campaign,Yes
2017-01-30,press secretary sean spicer release statement inform public president decision fire acting attorney general sally yate yate decline enforce travel ban order yate express doubt order consistent obligation seek justice stand right dana boente act attorney general senate confirm appointment senator jeff sessions attorney general,6,2017-01,State Executive Orders and Policy Announcements,No
2017-01-31,remark nomination neil gorsuch associate justice supreme court abc 10news san diego report nomination occur unusual day candidate nomination gorsuch judge thomas hardiman bring washington,0,2017-01,,No
2017-02-03,executive order 13772 present principle regulate financial sector,5,2017-02,2020 Election and Biden's Presidential Campaign,Yes
2017-02-13,issue press release accept resignation lt general michael flynn national security advisor lt general joseph keith kellogg act national security advisor press release quote flynn resignation letter state inadvertently brief vice president elect mike pence incomplete information regard phone russian ambassador,5,2017-02,2020 Election and Biden's Presidential Campaign,Yes
2017-02-28,address joint session congress outline goal action date propose 1 trillion infrastructure program obamacare repeal replace instance repeat language use campaign rally,3,2017-02,National Unity and Public Statements,Yes
2017-03-06,executive order 13780 original travel ban order 01 27 17 revoke replace select immigration suspension administrative standard develop prevent terrorist entry standard refugee entry review subsequent action extend effective date,5,2017-03,2020 Election and Biden's Presidential Campaign,Yes
2017-03-28,executive order 13783 reverse environmental protection direct president obama click president energy independence policy press release,5,2017-03,2020 Election and Biden's Presidential Campaign,Yes
2017-04-06,republican majority senate revise senate rule long require 60 member majority end debate cloture vote nominee supreme court reform nuclear option change clear way swift confirmation judicial nominee include neil gorsuch,7,2017-04,Presidential Debates and Attorney General Discussions,No
2017-04-06,remark inform public airstrike syrian airfield use launch chemical weapon attack,8,2017-04,Supreme Court Orders and Presidential Bans,No
2017-04-10,remark swear ceremony neil gorsuch supreme court justice americans bless neil gorsuch man devote servant law,7,2017-04,Presidential Debates and Attorney General Discussions,Yes
2017-04-18,executive order 13788 announce shall policy executive branch buy american hire american,5,2017-04,2020 Election and Biden's Presidential Campaign,No
2017-04-26,executive order 13792 direct secretary interior review instance 100 000 acre land designate protect antiquity act order specifically note bear ear national monument,5,2017-04,2020 Election and Biden's Presidential Campaign,Yes
2017-05-09,send letter federal bureau investigation fbi director james comey inform termination removal office long prior end 10 year term case fbi director william session fire president clinton 1993 action raise question scope presidential power independence federal agency fbi white house cite memos attorney general session deputy attorney general rosenstein,3,2017-05,National Unity and Public Statements,Yes
2017-05-17,issue statement appointment act attorney general rod rosenstein fbi director robert mueller iii special counsel mueller assign oversee investigation russian government effort influence 2016 presidential election relate matter,3,2017-05,National Unity and Public Statements,Yes
2017-06-01,remark announce withdrawal paris agreement climate change late example washington enter agreement disadvantage united states exclusive benefit country adopt 196 party paris climate agreement treaty aim limit global warming 2 preferably 1 5 degree celsius compare pre industrial level,0,2017-06,,No
2017-06-08,fbi director james comey testify senate select committee intelligence report turn contemporaneous note conversation president special counsel robert mueller president day comment news conference believe testimony vindicate obstruction collusion happy testify oath,3,2017-06,National Unity and Public Statements,Yes
2017-06-26,supreme court agree review legality president revise executive order executive order 13780 regard travel ban 6 3 majority court overturn low court injunction block order respect foreign nation lack genuine relationship people organization united states link pdf court rule statement president clear victory national security,7,2017-06,Presidential Debates and Attorney General Discussions,Yes
2017-07-21,accept resignation white house press secretary sean spicer appoint sarah sanders press secretary,1,2017-07,COVID-19 Response and Health Agreements,No
2017-07-26,tweet transgender individual accept military memorandum matter follow 08 25 2017,8,2017-07,Supreme Court Orders and Presidential Bans,No
2017-07-28,tweet replace chief staff reince priebus general secretary homeland security john f kelly kelly great american great leader remark kelly 07 31 2017 swear chief staff,5,2017-07,2020 Election and Biden's Presidential Campaign,Yes
2017-08-08,remark warn north korean threat meet fire fury like world,9,2017-08,Border and Immigration Policy Statements,No
2017-08-12,remark sign 2017 va choice quality employment act comment white nationalist unite right rally charlottesville virginia condemn strong possible term egregious display hatred bigotry violence,2,2017-08,Impeachment and Congressional Press Statements,Yes
2017-08-15,remark infrastructure tower president respond question concern view statement event charlottesville virginia end repeat view blame later bad people group people fine people,2,2017-08,Impeachment and Congressional Press Statements,Yes
2017-08-18,chief strategist campaign aide stephen bannon resigns white house related tweet 08 19 2017,3,2017-08,National Unity and Public Statements,Yes
2017-08-21,address nation announce reevaluation shift u strategy afghanistan south asia plan increase american troop area effectively combat terrorism,5,2017-08,2020 Election and Biden's Presidential Campaign,Yes
2017-08-25,memorandum reverse obama administration memorandum 10 05 2016 rescind ban military service transgender individuals department defense overturn ban 06 30 2016,7,2017-08,Presidential Debates and Attorney General Discussions,No
2017-08-25,controversial pardon fact grant clemency sheriff joe arpaio convict criminal contempt court maricopa county arizona pardon grant president,7,2017-08,Presidential Debates and Attorney General Discussions,No
2017-09-05,statement announce department homeland security dhs begin orderly transition wind daca defer action childhood arrival subsequently dhs issue memorandum rescind original 2012 action obama administration prior day attorney general session write dhs secretary advise obama action rescind unconstitutional exercise,7,2017-09,Presidential Debates and Attorney General Discussions,Yes
2017-09-19,remark 72nd united nations general assembly new york city address relation north korea iran syria announce renew commitment duty government duty citizen,2,2017-09,Impeachment and Congressional Press Statements,Yes
2017-09-24,proclamation 9645 extend restriction immigration country deficient information share potential terrorist order litigate prior relate travel ban order 06 26 2018,7,2017-09,Presidential Debates and Attorney General Discussions,Yes
2017-10-04,nbc news report secretary state rex tillerson president moron follow contentious july 20 2017 meeting pentagon national security team cabinet official new yorker report tillerson expression displeasure president,5,2017-10,2020 Election and Biden's Presidential Campaign,No
2017-10-02,issue proclamation 9651 mourning honor victim route 91 harvest music festival shooting las vegas nevada 10 01 2017 deadly mass shooting committed individual american history 60 dead 411 wound shooting reignite public debate gun control,8,2017-10,Supreme Court Orders and Presidential Bans,No
2017-10-30,campaign chairman paul manafort plead guilty money laundering charge george papadopoulos foreign policy adviser campaign plead guilty lie fbi agree cooperate special counsel robert mueller investigation click related tweet 10 30 2017 related tweet 10 31 2017,3,2017-10,National Unity and Public Statements,Yes
2017-11-05,embark nation tour asian country japan south korea china vietnam philippines click related tweet 11 05 2017,9,2017-11,Border and Immigration Policy Statements,No
2017-12-01,national security advisor michael flynn plead guilty lie fbi contact russian ambassador white house transition flynn agree cooperate special counsel robert mueller investigation regard russian interference 2016 presidential election click pdf download court document,3,2017-12,National Unity and Public Statements,Yes
2017-12-04,proclamation 9681 reduce bear ear national monument 1 35 acre 201 876 acre pursuant study direct 04 26 2017 perform secretary interior area deeply value american indian tribe object reduction modifie monument create 12 28 2016 proclamation 9558,5,2017-12,2020 Election and Biden's Presidential Campaign,No
2017-12-22,remark sign tax cut job act announce 3 2 trillion tax cut american family include double standard deduction double child tax credit opponent criticize change add national debt click congressional budget office 10 year economic outlook follow law enactment,2,2017-12,Impeachment and Congressional Press Statements,Yes
2018-01-23,issue proclamation 9693 proclamation 9694 impose tariff chinese solar panel wash machine launch trade war china united states,2,2018-01,Impeachment and Congressional Press Statements,No
2018-02-13,president personal lawyer michael cohen admits pay 130 000 money adult film actress stormy daniel remain silent allege affair president,9,2018-02,Border and Immigration Policy Statements,No
2018-02-16,special counsel robert mueller announce indictment 13 russian national 3 russian organization statement press secretary sarah sander reiterate special counsel find collusion campaign russia 2016 presidential election,3,2018-02,National Unity and Public Statements,Yes
2018-03-20,nominate cia director mike pompeo replace rex tillerson secretary state,5,2018-03,2020 Election and Biden's Presidential Campaign,No
2018-03-24,march live follow shoot marjory stoneman douglass high school parkland florida 02 14 2018 student hold march washington c advocate gun control legislation additional marche occur city nation support movement march come month tweet support arm teacher firearm deter shooting 02 24 2018,8,2018-03,Supreme Court Orders and Presidential Bans,No
2018-05-02,remark swear secretary state michael pompeo,5,2018-05,2020 Election and Biden's Presidential Campaign,Yes
2018-05-08,memorandum announce withdrawal iran nuclear deal formally know joint comprehensive plan action jcpoa iran escalate destabilizing activity surround region jcpoa inception jcpoa restrict iran nuclear program exchange sanction relief,1,2018-05,COVID-19 Response and Health Agreements,Yes
2018-05-09,income national security adviser john bolton dissolve national security council directorate global health security biodefense later critic argue action weaken ability manage covid 19 outbreak washington post 05 10 2018,2,2018-05,Impeachment and Congressional Press Statements,No
2018-05-14,announce u embassy israel tel aviv jerusalem decision receive praise officially recognize jerusalem israel capital city criticism hurt peace talk israelis palestinians,2,2018-05,Impeachment and Congressional Press Statements,Yes
2018-05-17,tweet congratulate gina haspel new cia director follow senate confirmation nomination haspel female cia director u history,6,2018-05,State Executive Orders and Policy Announcements,No
2018-06-12,issue joint statement north korean leader kim jong un follow summit singapore event mark meet head state u north korea,9,2018-06,Border and Immigration Policy Statements,No
2018-06-20,sign executive order 13841 end administration policy family separation u mexico border follow bipartisan condemnation express displeasure congress failure act court order administration position separate alien family effectively enforce law,5,2018-06,2020 Election and Biden's Presidential Campaign,Yes
2018-06-26,v hawaii supreme court uphold 5 4 proclamation 9645 09 24 2017 lawful exercise presidential authority violation establishment clause constitution,7,2018-06,Presidential Debates and Attorney General Discussions,Yes
2018-07-05,tweet accept scott pruitt resignation position head environmental protection agency epa announce andrew wheeler act administrator epa pruitt resign amid allegation mismanagement unethical misconduct,1,2018-07,COVID-19 Response and Health Agreements,Yes
2018-07-09,remark announce nomination brett kavanaugh u supreme court follow justice anthony kennedy resignation,1,2018-07,COVID-19 Response and Health Agreements,No
2018-07-16,joint news conference russian president vladimir putin summit helsinki finland widely criticize remark decline acknowledge condemn alleged russian interference 2016 presidential election,3,2018-07,National Unity and Public Statements,Yes
2018-08-21,michael cohen personal lawyer plead guilty count manhattan federal court include campaign finance violation criminal tax evasion paul manafort campaign manager find guilty tax fraud charge charge hide foreign bank account charge bank fraud,8,2018-08,Supreme Court Orders and Presidential Bans,No
2018-10-06,press release remark announce brett kavanaugh officially swear associate supreme court justice white house ceremony place 10 08 2018 kavanaugh tumultuous confirmation hearing involve report alcohol abuse allegation woman sexual misconduct kavanaugh confirm straight party line vote,1,2018-10,COVID-19 Response and Health Agreements,No
2018-11-06,tweet congressional race 2018 midterm election democrats gain 30 seat house shift majority democrats 225 197 republicans retain control senate gain 2 seat,3,2018-11,National Unity and Public Statements,Yes
2018-11-07,tweets announce matthew g whitaker chief staff attorney general jeff session new act attorney general united states session resign attorney general request pdf session resignation letter press conference mention session express satisfaction midterm election outcome,6,2018-11,State Executive Orders and Policy Announcements,No
2018-12-06,secretary state rex tillerson lengthy interview experience president starkly different style day president tweet tillerson mental capacity need dumb rock lazy hell,7,2018-12,Presidential Debates and Attorney General Discussions,No
2018-12-12,michael cohen personal lawyer sentence year complete cooperation federal authority special counsel robert muller investigation russian interference 2016 presidential election cohen admit political campaign finance violation include bribe woman remain silent regard allege affair 2016 campaign,3,2018-12,National Unity and Public Statements,Yes
2018-12-20,tweets secretary defense james mattis retire distinction end february mattis cite policy difference particularly decision withdraw u troop syria click mattis resignation letter,5,2018-12,2020 Election and Biden's Presidential Campaign,Yes
2018-12-21,remark sign step act act pass strong bipartisan support reform tough mandatory minimum sentence expand early release program enable release people sentence long sentence nonviolent crime,3,2018-12,National Unity and Public Statements,Yes
2018-12-22,tweets frustration stall negotiation prevent government shutdown 12 21 2018 democrats republicans fail come agreement funding wall u mexico border finalize federal government budget 12 22 2018 deadline 01 25 2019 shutdown long u history,1,2018-12,COVID-19 Response and Health Agreements,Yes
2019-01-25,remark announce deal reach end shutdown reopen federal government,1,2019-01,COVID-19 Response and Health Agreements,Yes
2019-02-15,statement sign h j 31 know consolidated appropriation act 2019 end shutdown congress agree provide 1 375 billion wall u mexican border agreement,1,2019-02,COVID-19 Response and Health Agreements,No
2019-02-15,proclamation 9844 declare national emergency u southern border cite border security humanitarian crisis threaten core national security interest emergency declaration secure additional 8 billion funding construct border wall,8,2019-02,Supreme Court Orders and Presidential Bans,No
2019-03-22,decline comment remark special counsel robert mueller releasing report department justice review,3,2019-03,National Unity and Public Statements,Yes
2019-03-24,remark state special counsel robert mueller report find campaign associate conspire coordinate russian government effort despite multiple effort russian affiliated individual assist campaign report complete total exoneration,3,2019-03,National Unity and Public Statements,Yes
2019-04-18,tweets satisfaction department justice release redact version special counsel mueller report click special counsel robert mueller report investigation russian interference 2016 presidential election,3,2019-04,National Unity and Public Statements,Yes
2019-04-26,remark national rifle association nra legislative institute legal action forum announce united states withdraw united nations un arms trade treaty action reaffirm american liberty sacred american citizen live american law law foreign country,5,2019-04,2020 Election and Biden's Presidential Campaign,Yes
2019-05-08,issue proclamation 9880 extend suspension limitation entry united states southern border establish proclamation 9822and extend proclamation 9842,8,2019-05,Supreme Court Orders and Presidential Bans,No
2019-05-29,tweets response special counsel robert mueller officially close investigation russian interference 2016 presidential election mueller summarize key section report statement reporter,3,2019-05,National Unity and Public Statements,Yes
2019-06-18,remark rally officially announce candidacy republican presidential nomination 2020,4,2019-06,Election Campaigns and Federal House Proceedings,No
2019-06-27,department commerce v new york supreme court upholds secretary commerce place citizenship question census return issue district court basis evidence match secretary explanation decision justification offer administration action adequate,7,2019-06,Presidential Debates and Attorney General Discussions,Yes
2019-06-30,remark meet north korean leader kim jong un demilitarized zone dmz u president enter north korea kim jong un walk demarcation line south korea,9,2019-06,Border and Immigration Policy Statements,No
2019-07-11,remark issue executive order 13880 create interagency process use relevant exist datum estimate number citizen non citizen united states remark suggest state want use information purpose draw legislative district,8,2019-07,Supreme Court Orders and Presidential Bans,No
2019-07-25,ukrainian president volodymyr zelenskyy congratulate electoral victory phone ask zelenskyy investigate allegation corruption surround democratic candidate joe biden son hunter biden release unredacted transcript phone 09 25 2019,4,2019-07,Election Campaigns and Federal House Proceedings,No
2019-08-12,tweet 09 26 2019 address official complaint u intelligence community member regard phone president zelenskyy complaint accuse seek foreign interference help win 2020 election,3,2019-08,National Unity and Public Statements,Yes
2019-08-29,remark establishment u space command responsible military operation space u space force sixth branch united states armed force,2,2019-08,Impeachment and Congressional Press Statements,Yes
2019-09-24,tweets response speaker house nancy pelosi announcement house representative begin formal impeachment inquiry include presidential harassment inquiry come whistleblower complaint regard phone ukrainian president zelenskyy public 07 25 2019 click press secretary statement house impeachment inquiry,1,2019-09,COVID-19 Response and Health Agreements,No
2019-10-08,statement press secretary include link pdf image letter white house counsel pat cipollone speaker pelosi chairmen engel schiff cumming letter reject formal impeachment inquiry assert refusal cooperate letter declare president administration participate partisan unconstitutional inquiry circumstance object,2,2019-10,Impeachment and Congressional Press Statements,Yes
2019-10-27,remark death islamic state leader abu bakr al baghdadi isis leader declare caliphate syria iraq die suicide raid troop,0,2019-10,,No
2019-11-13,campaign statement condemn house intelligence committee public broadcast impeachment hearing refer government official statement note president united states set foreign policy disagreement policy impeachable offense,2,2019-11,Impeachment and Congressional Press Statements,Yes
2019-12-13,campaign statement response official submission article impeachment h 755 ground treason bribery high crime misdemeanor president u history impeach house adopt article impeachment abuse power 230 197 obstruction congress 229 198,3,2019-12,National Unity and Public Statements,Yes
2019-12-17,release letter speaker house nancy pelosi house representative impeachment inquiry write purpose history thought permanent indelible record,3,2019-12,National Unity and Public Statements,Yes
2019-12-31,world health organization office china note publicize report viral pneumonia contract wuhan later know covid 19 health expert believe virus emerge china early october mid november spread globally january,2,2019-12,Impeachment and Congressional Press Statements,Yes
2020-01-03,remark iranian general qasem soleimani death drone strike iraq soleimani plot imminent sinister attack american diplomats military personnel u catch act terminate,5,2020-01,2020 Election and Biden's Presidential Campaign,Yes
2020-01-07,remark iran missile attack u military basis retaliation death general soleimani u suffer casualty sustain minimal damage military basis,8,2020-01,Supreme Court Orders and Presidential Bans,No
2020-01-20,center disease control cdc report laboratory confirm case covid 19 u sample washington state,0,2020-01,,No
2020-01-29,remark sign u mexico canada agreement usmca trade agreement replace north american free trade agreement nafta usmca large fairest balanced modern trade agreement achieve,0,2020-01,,No
2020-01-29,press secretary statement announce establishment white house coronavirus task force task force charge lead united states government response novel 2019 coronavirus apprise development,2,2020-01,Impeachment and Congressional Press Statements,Yes
2020-01-31,proclamation 9984 limit entry foreign national china response emerge covid 19 threat suspend entry u alien physically present people republic china exclude special administrative region hong kong macau 14 day period precede entry attempt entry united states,2,2020-01,Impeachment and Congressional Press Statements,Yes
2020-02-05,campaign statement tweet respond senate vote acquit impeachment charge senate vote fall short majority require conviction vote party line 52 48 article abuse power 53 47 article ii obstruction congress 02 06 2020,3,2020-02,National Unity and Public Statements,Yes
2020-02-06,address nation east room conclusion senate impeachment 3 year evil corrupt dirty cop leaker liar happen president,3,2020-02,National Unity and Public Statements,Yes
2020-02-26,news conference vice president mike pence head coronavirus task force covid 19 continue spread united states,0,2020-02,,No
2020-02-29,cdc medium statement announce report death american citizen covid 19 seattle washington,0,2020-02,,No
2020-03-11,address nation oval office response world health organization declare covid 19 outbreak global pandemic suspend travel europe united states 30 day respond great speed professionalism,2,2020-03,Impeachment and Congressional Press Statements,Yes
2020-03-13,proclamation 9994 declare covid 19 outbreak united states national emergency declaration enable allocate additional fund combat spread covid 19 modify healthcare program requirement establish public health mandate,0,2020-03,,Yes
2020-03-18,statement sign family coronavirus response act emergency supplemental appropriation immediately designate fund emergency use administration fact sheet,2,2020-03,Impeachment and Congressional Press Statements,Yes
2020-03-27,statement sign coronavirus aid relief economic security care act 2 2 trillion economic stimulus bill help struggle individual business government,2,2020-03,Impeachment and Congressional Press Statements,Yes
2020-04-03,government statistic pdf reaction coronavirus unemployment rate rise 3 5 4 4 nonfarm employment drop 700 000 people,2,2020-04,Impeachment and Congressional Press Statements,Yes
2020-04-16,campaign statement respond unemployment report criticize democrats play politic million small business aid paycheck protection program save million american job,3,2020-04,National Unity and Public Statements,Yes
2020-04-23,coronavirus task force press briefing suggest treat virus powerful light inside body note disinfectant knocks virus minute way like injection inside clean,2,2020-04,Impeachment and Congressional Press Statements,Yes
2020-05-25,george floyd unarmed black man kill minneapolis police officer arrest suspicion attempt use counterfeit 20 bill video event capture breathe,8,2020-05,Supreme Court Orders and Presidential Bans,No
2020-05-27,protest george floyd kill spread nation tweets federal bureau investigation fbi department justice doj direct expedite investigation floyd death,1,2020-05,COVID-19 Response and Health Agreements,No
2020-05-29,remark announce u action china withdrawal united states world health organization china total control world health organization despite pay 40 million year compare united states pay approximately 450 million year,2,2020-05,Impeachment and Congressional Press Statements,Yes
2020-05-30,remark attend spacex dragon 2 spacecraft launch kennedy space center private company human orbit comment length death george floyd result protests america justice achieve hand angry mob allow angry mob dominate,0,2020-05,,No
2020-06-01,rise garden remark nationwide demonstration civil unrest follow death george floyd act peaceful protest act domestic terror governor activate national guard dominate street washington dc dispatch thousand thousand heavily armed soldier military personnel law enforcement officer stop riot loot vandalism assault wanton destruction property end pay respect special place pool report describe subsequent event national public radio npr report u park police national guard troop use tear gas clear protestor path permit pose photo st john church lafayette square,2,2020-06,Impeachment and Congressional Press Statements,Yes
2020-06-13,tweet change june 20 june 19 previously schedule rally tulsa oklahoma inform occur juneteenth,6,2020-06,State Executive Orders and Policy Announcements,No
2020-06-16,remark sign executive order save police safe community discuss police violence violent protest community development support hbcu job growth,5,2020-06,2020 Election and Biden's Presidential Campaign,Yes
2020-06-18,department homeland security v regent university california supreme court decide 5 4 vote department homeland security rescind deferred action childhood arrival daca arbitrary capricious tweet decision president united states far power anticipate,7,2020-06,Presidential Debates and Attorney General Discussions,Yes
2020-06-20,remark indoor campaign rally tulsa oklahoma event president rally public shutdown march spread covid 19,2,2020-06,Impeachment and Congressional Press Statements,Yes
2020-07-05,formally notifies united nations withdrawal world health organization effective july 6 2021 new york times 07 07 2020 p 5,2,2020-07,Impeachment and Congressional Press Statements,Yes
2020-07-09,v vance supreme court rule 7 2 state new york issue grand jury subpoena president financial record assail decision numerous tweet fair presidency administration,7,2020-07,Presidential Debates and Attorney General Discussions,Yes
2020-07-30,tweet suggest delay 2020 presidential election concern mail voter fraud express desire delay election people properly securely safely vote,4,2020-07,Election Campaigns and Federal House Proceedings,Yes
2020-08-06,issue executive order 13942 13943 ban tiktok wechat amid concern chinese corporation app pose national security threat intend ban app parent company sell 45 day,7,2020-08,Presidential Debates and Attorney General Discussions,Yes
2020-08-08,action aid americans covid 19 pandemic executive order 13945 aim provide assistance homeowner renter memorandum defer student loan payment memorandum defer payroll tax obligation memorandum authorize additional funding disaster relief agency,7,2020-08,Presidential Debates and Attorney General Discussions,Yes
2020-08-10,news conference public school reopen covid 19 pandemic important thing economy school,0,2020-08,,No
2020-08-20,steve bannon chief strategist 2016 charge fraud 3 express surprise charge remark prior meet prime minister mustafa al kadhimi iraq assert know charge know people bannon accuse defraud donor use money donate construct wall southern border personal benefit,8,2020-08,Supreme Court Orders and Presidential Bans,No
2020-09-18,release statement death supreme court justice ruth bader ginsburg age 87 commend inspire americans generation great legal mind night senate majority leader mitch mcconnell tweet president nominee receive vote floor united states senate,7,2020-09,Presidential Debates and Attorney General Discussions,Yes
2020-09-20,campaign statement president intent nominate supreme court justice fill vacancy leave ruth bader ginsburg death great controversy ensue light senate refusal consider obama 2016 nomination merrick garland follow sudden death justice antonin scalia,7,2020-09,Presidential Debates and Attorney General Discussions,Yes
2020-09-26,remark attend rose garden event announce nomination judge amy coney barrett fill supreme court vacancy leave death ruth bader ginsburg barrett federal appeals court judge previously clerk justice antonin scalia announcement follow reception white house,1,2020-09,COVID-19 Response and Health Agreements,Yes
2020-09-27,news conference respond story new york times claim pay federal income taxis 10 15 year 2000 story fake news explain tax return release audit long time,3,2020-09,National Unity and Public Statements,Yes
2020-09-29,presidential debate family guest wear protective mask,6,2020-09,State Executive Orders and Policy Announcements,No
2020-10-02,tweet announce lady melania test positive covid 19 enter walter reed hospital day numerous member press cabinet members white house staffers members congress involve debate preparation attend coney barrett nomination announcement report positive covid test,0,2020-10,,No
2020-10-04,leave walter reed hospital briefly ride car wave supporter,8,2020-10,Supreme Court Orders and Presidential Bans,No
2020-10-05,tweet leave walter reed hospital 6 30 pm feel good return white house climbs stair balcony offer prolong salute,1,2020-10,COVID-19 Response and Health Agreements,No
2020-10-08,campaign statement criticize decisions commission presidential debate cpd cancel second presidential debate debate cancel amid fear opponent joe biden contract covid 19,6,2020-10,State Executive Orders and Policy Announcements,No
2020-10-21,executive order direct creation new senior civil service appointment category schedule f category exempt requirement competitive appointment order exempt schedule f schedule e civil service rule concern removal apply individual position confidential policy determine policy policy advocate character normally subject change result presidential transition president biden revoke order january 22 2021,5,2020-10,2020 Election and Biden's Presidential Campaign,Yes
2020-10-26,issue campaign statement senate confirmation amy coney barrett supreme court 52 45 vote largely divide party line occur day 2020 presidential election,7,2020-10,Presidential Debates and Attorney General Discussions,Yes
2020-10-28,brief orders supreme court decline act prevent state election official continue count absentee ballot receive election day link pdfs orders north carolina pennsylvania,7,2020-10,Presidential Debates and Attorney General Discussions,Yes
2020-11-02,hold campaign rally major swing state presidential campaign final day stop include fayetteville nc avoca pa traverse city mi kenosha wi grand rapid mi grand rapid end successful 2016 presidential campaign milwaukee supreme court action 10 28 2020 dangerous allow cheat,3,2020-11,National Unity and Public Statements,Yes
2020-11-03,election day earn 213 electoral vote 47 popular vote election feature unusually high mail vote covid 19 pandemic result long count process winner determine late evening,4,2020-11,Election Campaigns and Federal House Proceedings,Yes
2020-11-04,declare 2020 presidential election campaign press release assert uncounted ballot remain key swing state fraudulent legal action georgia michigan action vote recount vote total wisconsin limit specify law receive recount,4,2020-11,Election Campaigns and Federal House Proceedings,Yes
2020-11-05,remark claim count legal vote easily win corrupt system people corrupt nature corrupt easy want find vote need able find wait wait find detail concern pennsylvania michigan georgia arizona,4,2020-11,Election Campaigns and Federal House Proceedings,Yes
2020-11-07,release campaign statement accuse media help joe biden steal election major news network declare biden election file lawsuit arizona allege maricopa county incorrectly reject vote cast person voter election day joe biden deliver acceptance speech wilmington delaware,4,2020-11,Election Campaigns and Federal House Proceedings,Yes
2020-11-23,legal team release statement contest certification election result tweet swing states vote people vote suggest mail ballot secure biden election fraudulent,4,2020-11,Election Campaigns and Federal House Proceedings,Yes
2020-12-02,remark contest claim 2020 presidential election result legitimate case widespread voter fraud irregularity election day,4,2020-12,Election Campaigns and Federal House Proceedings,Yes
2020-12-11,unsigned order view pdf order court deny application state texas order state pennsylvania certify presidential election result texas demonstrate judicially cognizable interest manner state conduct election pende motion dismiss moot,5,2020-12,2020 Election and Biden's Presidential Campaign,Yes
2020-12-11,food drug administration fda issue emergency use authorization eua vaccine prevent covid 19 individual 16 year age old eua allow pfizer biontech covid 19 vaccine distribute u,0,2020-12,,No
2020-12-12,series tweets assails supreme court order 12 11 2020 great disgraceful miscarriage justice people united states cheat country disgrace day court,7,2020-12,Presidential Debates and Attorney General Discussions,Yes
2020-12-13,continue dispute supreme court rejection voter fraud claim series tweets blame republicans rino allow democrat steal 2020 presidential election,4,2020-12,Election Campaigns and Federal House Proceedings,Yes
2020-12-14,announce tweet attorney general bill barr return post holiday christmas departure heavily motivate barr conclusion widespread voter fraud occur 2020 presidential election deputy attorney general jeff rosen act attorney general,6,2020-12,State Executive Orders and Policy Announcements,No
2020-12-16,legal battle presidency end electoral college formally vote joe biden kamala harris office continue contest election legitimacy series tweet,4,2020-12,Election Campaigns and Federal House Proceedings,Yes
2020-12-19,tweet recently release report statistically impossible lose 2020 election big protest c january 6th wild,3,2020-12,National Unity and Public Statements,Yes
2021-01-02,georgia governor chief staff mark meadow georgia secretary state brad raffensperger official express desire find 11 780 vote georgia official raffensperger office later leak tape press,5,2021-01,2020 Election and Biden's Presidential Campaign,Yes
2021-01-04,remark campaign rally dalton ga prior georgia runoff election determine georgia senators candidates democrat jon ossoff republican david perdue democrat raphael warnock republican incumbent kelly loeffler democrats spend great deal time complain 2020 presidential election win landslide steal rig acceptable acceptable far left want destroy country demolish history erase hold dear fight save country country leave,4,2021-01,Election Campaigns and Federal House Proceedings,Yes
2021-01-06,deliver speech washington c urge supporter election steal warning fight like hell country anymore 2 000 2 500 individual storm capitol build immediately follow speech intend stop joint session congress ratifying vote electoral college group include proud boy oath keeper percenter significantly involve riot cause lockdown evacuation capitol event person die drug overdose die heart attack dies stroke die shoot capitol police,8,2021-01,Supreme Court Orders and Presidential Bans,No
2021-01-08,corporate statement social medium platform announce decision permanently suspend account risk incitement violence 06 04 2021 meta parent company instagram facebook announce decision suspend account year follow praise people engage violence capitol january 6 suspension instagram facebook retroactive initial suspension date january 7th issue statement promote radical left platform vicious people world allow speak freely,2,2021-01,Impeachment and Congressional Press Statements,No
